securities_trader_id,securities_trader,date,address,phone
1020,合庫,2011-12-02,台北市大安區忠孝東路四段285號1樓(部分)、經紀部複委託科地址：台北市松山區長安東路二段225號5樓,02-27528000
1021,合庫- 台中,2011-12-02,台中市西區民權路91號6樓,04-22255141
1022,合庫-台南,2011-12-02,台南市北區成功路48號3樓,06-2260148
1023,合庫-高雄,2011-12-02,高雄市大勇路97號5樓,07-5319755
1024,合庫-嘉義,2011-12-02,嘉義市國華街279號2樓,05-2220016
1025,合庫-基隆,2011-12-02,基隆市仁二路255號3樓,02-24288468
1028,合庫 - 彰化,2012-05-16,彰化縣彰化市民生路279號5樓,04-7295528
1029,合庫 - 鳳山,2012-05-18,高雄市鳳山區鳳松路3號,07-7905555
102A,合庫-新竹,2011-12-02,新竹市東區東門街60號5樓,03-5262711
102C,合庫-自強,2011-12-02,台北市中山區南京東路2段85、87號3樓,02-25218815
102E,合庫-桃園,2011-12-02,桃園市桃園區中華路12號3樓,03-347-3456
102F,合庫-西台中,2016-02-04,台中市西屯區漢口路二段151號3樓,04-2316-6368
102G,合庫-三重,2016-03-07,新北市三重區正義南路17號1樓,02-2977-9588
102Q,合庫-國際證券,2017-11-01,台北市松山區長安東路二段225號5樓、6樓,02-27319987
1030,土銀,1962-02-09,台北市延平南路八十一號,02-23483948
1031,土銀-台中,1964-04-20,台中市自由路2段1號4樓,04-22266845
1032,土銀-台南,1975-08-19,台南市中正路26號4樓,06-2200558
1033,土銀-高雄,1964-04-20,高雄市大勇路131號,07-5319591
1034,土銀-嘉義,1975-04-09,嘉義市中山路309號3 樓,05-2224930
1035,土銀-新竹,1974-06-12,新竹市中央路1號4、5樓,03-5213211
1036,土銀-玉里,2000-04-18,花蓮縣玉里鎮中山路二段五十五號一、二樓,03-8884900
1037,土銀-花蓮,1978-02-16,花蓮縣花蓮市中山路356號3樓,038-330723
1038,土銀-和平,2000-06-22,台北市和平東路3段15號3樓部分,02-27001555
1039,土銀-士林,2000-06-27,台北市中山北路五段六八九號三樓,02-28323842
103A,土銀-建國,2000-06-12,高雄市建國一路458號3樓,07-2224911
103B,土銀-彰化,2002-07-30,彰化市光復路九十八號六樓,04-7201777
103C,土銀-白河,2002-07-16,台南市白河區三民路三九五號三樓,06-6852888
103F,土銀-南港,2010-09-27,台北市南港區南港路1段364號5樓,02-26539955
1040,臺銀證券,2008-01-02,台北市重慶南路1段58號4樓、5樓部分,02-23882188
1041,臺銀-鳳山,2008-01-02,鳳山市曹公路20號3樓,07-7452126
1042,臺銀-臺南,2008-01-02,臺南市中正路240號4樓,06-2202507
1043,臺銀-民權,2008-01-02,臺北市承德路2段239號3樓,02-25529458
1045,臺銀-新竹,2012-03-05,新竹市林森路29號5樓,03-5266799
104A,臺銀-臺中,2008-01-02,台中市民權路95號3樓,04-22238370
104C,臺銀-高雄,2008-01-02,高雄市苓雅區成功一路261號3樓,07-2711434
104D,臺銀-金山,2008-01-02,台北市金山南路2段189號3樓,02-23418678
1110,台灣企銀,1976-07-01,台北市塔城街30號4樓,02-25597171
1111,台灣企銀-台中,1976-07-01,台中市臺灣大道1段400號二、三樓,04-2270160
1112,台灣企銀-台南,1994-11-01,台南市中正路一八五號四樓,06-2238967
1113,台灣企銀-九如,1977-10-01,高雄市三民區九如二路255號3樓,07-3137171
1114,台灣企銀-嘉義,1976-07-01,嘉義市光華路132號,05-2278043
1115,台灣企銀-太平,1996-07-03,台中市太平區中興里二鄰中興東路二十七號,04-22757802
1116,台灣企銀-屏東,1976-07-01,屏東市漢口街七號,08-7327171
1117,台灣企銀-竹北,1996-08-03,新竹縣竹北市斗崙里縣政九路一二八號三樓,03-5527171
1118,台灣企銀-豐原,1996-07-31,台中市豐原區源豐路1號4樓,04-25253485
1119,台灣企銀-岡山,1996-07-16,高雄市岡山區岡山路412號4樓,07-6227171
111A,台灣企銀-民雄,1997-08-07,嘉義縣民雄鄉建國路三段八十三號三樓,05-2207171
111B,台灣企銀-建成,1998-10-26,台北市南京西路七十六號二樓,02-25506998
111C,台灣企銀-三民,1998-08-18,高雄市六合二路1號2樓,07-2877171
111E,臺灣企銀-桃園,2002-08-22,桃園市中華路99號3樓,03-3311007
111F,台灣企銀-北高雄,2002-08-08,高雄市復興一路九十號三樓,07-2360116
111G,臺灣企銀-埔墘,2008-07-04,新北市板橋區文化路1段51號2樓,02-89515671
1230,彰銀,1974-04-13,台北市衡陽路68號3樓,02-23619654
1232,彰銀-七賢,1993-07-17,高雄市忠孝一路456號3樓,07-2355658
1233,彰銀-台中,1998-04-23,台中市南區復興路二段七十八號三樓,04-22660011
1260,宏遠,1962-02-09,台北市信義路4段236號4樓部分、5樓部分、7樓部分及台北市信義路五段7號46樓之1部分,02-27008899
1261,宏遠-民生,1992-04-08,台北市松山區南京東路五段1號4樓,02-27657933
1262,宏遠-桃園,1995-12-16,桃園市中正路1125號3樓,03-3463456
126D,宏遠-台南,1997-08-13,台南市中西區忠義路2段69號3樓及5樓之2,06-2236677
126H,宏遠-中和,1998-08-01,新北市中和區民樂路23號1樓及地下1樓,02-32346738
126i,宏遠-光隆,2021-02-17,花蓮縣花蓮市公園路26號4-6樓,03-8352181
126L,宏遠-台中,1998-10-20,台中市文心路1段521號7樓之6,04-2255-6687
126Q,宏遠-高雄,2010-02-01,高雄市中正二路175號4樓,07-2299788
126U,宏遠-館前,2000-05-02,臺北市中正區博愛路76號5樓,02-23121122
126X,宏遠-新化,2006-07-24,臺南市新化區中山路243號之1二樓及三樓,06-5801000
1360,港商麥格理,1996-03-25,台北市復興南路1段2號5樓及5樓之1,02-27347500
1380,台灣匯立,2013-07-16,臺北市敦化南路二段95號27樓,02-2326-8188
1440,美林,2008-09-01,台北市信義路五段7號48樓部分及48樓之1部分,02-23763766
1470,台灣摩根士丹利,2006-10-02,臺北市信義區信義路5段7號83樓,02-27302888
1480,美商高盛,2000-07-17,台北市敦化南路2段207號11樓,02-27304000
1520,瑞士信貸,1998-10-26,台北市民生東路3段109號5樓,02-27156388
1560,港商野村,2005-04-01,台北市松智路1號17樓部分,02-21769999
1570,港商法國興業,2003-09-23,台北市忠孝東路5段68號38樓部分,02-21750800
1590,花旗環球,2007-08-06,台北市信義區松智路１號14樓(部分)、15樓(部分),8726-9000
1650,新加坡商瑞銀,2006-04-03,台北市松仁路7號5樓部分,02-87227200
2180,亞東,1979-06-21,台北市中正區重慶南路一段86號2樓,02-77531899
2181,亞東-板橋,1994-05-23,台北縣板橋市南雅南路二段一七０號一樓,02-89665558
2184,亞東-新竹,1998-03-17,新竹市光復路1段472號2樓,03-5641818
2185,亞東-台南,1998-11-25,台南市林森路1段395號4樓,06-2358999
2186,亞東-高雄,2000-06-09,高雄市前鎮區三多三路217號9樓,07-5369888
2187,亞東-台中,2000-03-30,台中市自由路2段131號2~3樓,04-22218600
218A,亞東-國際證券,2015-06-02,新北市板橋區新站路16號14樓(部分),77531899
2200,元大期貨,2010-07-02,台北市中山區南京東路2段77號4樓,02-27176000
2210,群益期貨,2015-09-01,台北市大安區敦化南路2段97號32樓及地下1樓,02-2700-2888
5050,大展,1988-08-11,台北市承德路1段17號17樓、17樓之1、之2、之3,02-25551234
5058,大展-台南,2019-07-16,台南市西門路三段159號3樓(部份),06-2208866
5110,富隆,1988-08-29,台北市南京東路3段287號3樓部份,02-27182788
5260,美好,1988-09-06,台北市民生東路2段174、176號3樓部份、4樓、174號12樓,02-25084888
5261,美好-蘆洲,1993-09-27,新北市蘆洲區中山一路161號地下一樓,02-22897766
5262,美好-楊梅,1995-11-08,桃園市楊梅區新成路208號1樓,03-4759977
5263,美好-泰山,1997-02-12,"新北市泰山區明志路1段205號5樓之1,之2",02-22966688
5264,美好-高雄,1997-04-17,高雄市中華四路159號4樓之1,07-3312288
5265,美好-苗栗,1994-10-03,苗栗縣苗栗市建民街60號4樓,037-262888
5266,美好-中壢,1994-10-03,桃園市平鎮區環南路18號地下1層之1之3之4,03-4912588
5267,美好-基隆,1997-05-23,基隆市義一路18號5樓,02-24281122
5268,美好-台南,1997-10-07,臺南市成功路518號3樓之1、之2,06-2232233
5269,美好-台中,1997-11-20,台中市崇德路2段130號地下1樓,04-22375888
526A,美好-中和,1999-01-15,新北市中和區景新街338號3樓,02-89411188
526K,美好-富順,2011-12-26,新北市三重區自強路一段73號3樓,02-29818889
526M,美好-市政,2023-09-28,臺中市西屯區市政北七路98號32樓之1、2,04-23745008
5320,高橋,1988-09-23,桃園市中壢區中和路92.94.96.98號,03-4224243
5321,高橋-龍潭,1996-04-25,"桃園市龍潭區中正里龍華路130,132號1,2,3F(營業廳於130及132號1F",03-4807889
5322,高橋-中壢,1997-11-21,桃園市中壢區中山路二二八巷十八號一至五樓，二十號一至四樓,03-4270889
5323,高橋-內壢,1998-03-07,"桃園市中壢區忠孝路159,161號1,2樓163號2樓(營業廳于159,161號1F",03-4351010
5380,第一金,1988-10-06,台北市中山區長安東路一段22號4樓部分及5樓部分,02-25636262
5381,第一金-員林,1997-12-08,彰化縣員林鎮大同路1段338號7樓,04-8339000
5382,第一金-台中,1997-12-20,台中市西區向上路1段110號1樓,04-23103648
5383,第一金-高雄,1998-03-03,高雄市苓雅區中正一路120號2樓,07-7262378
5384,第一金-台南,1998-12-09,台南市大同路1段98號2樓(部份),06-2148111
5385,第一金-桃園,1999-03-16,桃園市桃園區民族路55號3樓,03-3382881
5386,第一金-彰化,2002-08-08,彰化縣彰化市和平路48號3樓部份,04-7203198
5387,第一金-澎湖,2002-12-27,澎湖縣馬公市光復路88號3樓,06-9278666
5389,第一金-中山,2003-07-22,台北市中山區中山北路2段61號4樓部份,02-25671189
538a,第一金-國際證券,2014-11-11,臺北市中山區長安東路一段22號2樓部分及4樓,02-2563-6262
538A,第一金-新興,2003-12-01,高雄市中正四路17號3樓,07-2516101
538B,第一金-新竹,2003-12-01,新竹市英明街3號3樓,03-5235211
538C,第一金-光復,2003-12-01,台北市光復北路16號2樓,02-25795811
538D,第一金-忠孝,2003-12-01,台北市忠孝東路2段88號3樓,02-23214955
538E,第一金-自由,2003-12-01,台中市自由路1段144號7樓,04-22287111
538F,第一金-大稻埕,2003-12-01,台北市迪化街1段63號3樓部份,02-25582211
538I,第一金-頭份,2003-12-01,苗栗縣頭份市中正路67號2樓,037-596611
538j,第一金-安和,2004-05-17,台北市安和路一段27號6樓部份,02-2741-3434
538M,第一金-嘉義,2004-08-10,嘉義市中山路307號3樓,05-2283636
538N,第一金-豐原,2003-12-01,台中市豐原區中山路423號3樓,04-25239911
538P,第一金-路竹,2003-12-01,高雄市路竹區中山路1187號2樓,07-6970111
538W,第一金-華江,2009-11-18,新北市板橋區文化路1段329號2樓之1及2樓部分,02-2258-3311
538Y,第一金-中壢,2003-12-01,桃園市中壢區中央西路2段30號2樓,03-4922011
5460,寶盛,1988-11-02,台中市北屯區北興街43號1樓、2樓,04-22309377
5600,永興,1988-12-01,台北市南海路20號2樓部分、3樓部分,02-23218200
5602,永興-水湳,1995-08-26,台中市北屯區中清路二段578號一樓、二樓,04-22973456
5603,永興-台中,1993-07-02,台中市三民路3段265號之1 一、二樓及265號3樓之8,04-22371188
5604,永興-大墩,1997-02-14,台中市南屯區大墩路754、756號1、2樓,04-23105858
5660,日進,1988-12-13,苗栗縣苗栗市中正路426號4F,037-332266
5850,統一,1989-04-03,台北市東興路8號1樓、2樓部分、3樓部分、5樓部分,02-27478266
5851,統一-高雄,1991-09-30,高雄市中正三路55號5樓,07-2268999
5852,統一-敦南,1991-09-30,台北市敦化南路2段65號21樓,02-27552288
5853,統一-中壢,1991-09-30,"桃園市中壢區中美路51號1,2,3樓及地下室",03-4224888
5854,統一-城中,1991-09-30,台北市博愛路80號2樓、4樓之1、4樓,02-23115757
5855,統一-台南,1991-09-30,台南市中西區中山路88號3樓,06-2112288
5856,統一-台中,1991-09-30,台中市五權西路1段257號3樓,04-23723333
5857,統一-新竹,1991-09-30,新竹市北大路307號2樓,03-5225666
5858,統一-嘉義,1991-09-30,嘉義市林森西路153號3、4樓部份,05-2252111
5859,統一-屏東,1991-09-30,屏東縣屏東市濟南街10-1號,08-7353888
585A,統一-基隆,1993-08-26,基隆市仁愛區仁三路11號2樓,02-24225288
585b,統一-內湖,2004-04-09,臺北市內湖路1段575號3樓,(02)87525959
585B,統一-永和,1994-12-24,新北市永和區福和路389號3樓,02-22319966
585c,統一-仁愛,2004-07-22,台北市安和路1段29號2樓,02-27726588
585D,統一-新台中,1995-07-22,台中市西屯區文心路2段201號8樓之1、2、3、5、6、7、8,04-22587222
585E,統一-新營,1995-11-18,台南市新營區中山路113號4樓,06-6356388
585F,統一-彰化,1993-08-16,彰化縣彰化市華山路37號6樓,04-7225161
585g,統一-平鎮,2015-10-26,桃園市中壢區中正路582號1樓、2樓,03-4910736
585H,統一-桃園,1996-06-25,桃園市桃園區成功路1段32號10樓,03-3386677
585I,統一-員林,2001-06-26,彰化縣員林鎮靜修路12號2樓,04-8336288
585J,統一-三重,1996-09-21,新北市三重區重新路4段12號4樓,02-29779933
585M,統一-士林,1997-01-18,台北市士林區承德路4段83號3樓、3樓之1、3樓之2,02-28866677
585m,統一-竹南,2014-10-13,苗栗縣竹南鎮中正路217號2樓,037-480666
585P,統一-板橋,1997-03-01,新北市板橋區府中路29之2號8樓,02-29692299
585Q,統一-三多,1997-03-22,高雄市苓雅區四維四路7號6樓,07-3368568
585R,統一-汐止,1997-03-21,新北市汐止區中興路160號5樓、5樓之1、5樓之2,02-26935558
585s,統一-國際證券,2014-07-07,台北市東興路8號3樓部份,27478266
585S,統一-宜蘭,2001-10-02,宜蘭縣宜蘭市民族路338號3樓部分,03-9353660
585U,統一-南京,1997-02-11,台北市南京東路3段248號2樓,02-27317777
585W,統一-金門,2000-09-11,金門縣金城鎮民權路160號1樓、2樓、3樓、4樓,082-320811
585Y,統一-土城,2000-08-19,新北市土城區裕民路149號2樓、2樓之1,02-82602000
585Z,統一-松江,2003-11-05,台北市松江路127之1號5樓、6樓,0225165988
5860,盈溢,1989-04-03,高雄市新興區七賢二路38號,07-2888516
5861,盈溢-籬子內,1994-03-26,高雄市前鎮區瑞北路44號1樓,07-7134001
5862,盈溢-楠梓,1997-08-01,高雄市楠梓區楠都東街181號地下室,07-3537737
5920,元富,1989-05-29,台北市復興南路1段209號1、2、3樓,02-23255818
5921,元富-高雄,1991-03-18,高雄市九如二路548號2、3樓,07-3122822
5922,元富-新店,1994-04-20,新北市新店區中興路3段134號地下一樓,02-29177888
5923,元富-三重,1995-09-14,新北市三重區重新路2段21號3樓,02-29885568
5925,元富-台中,1996-03-15,台中市五權西路一段二三七號二樓,04-23759979
5927,元富-林園,1997-01-25,高雄市林園區沿海路3段2號2樓及5樓(部分),07-6433779
5928,元富-新莊,1997-04-12,新北市新莊區新泰路368號1、2樓,02-29962299
5929,元富-台南,1992-12-07,台南市忠義路2段47號3.4.5(營業廳設於3F),06-2219089
592a,元富-松德,2000-07-24,台北市松德路16號地下1樓,02-27202828
592A,元富-緯城,1993-01-11,高雄市博愛一路391號8樓及11樓(營業廳設於8F),07-3131123
592b,元富-板橋,2003-08-11,新北市板橋區中山路一段141號5樓部分,02-89536888
592B,元富-永和,1997-04-18,新北市永和區民有街1號2樓,02-29491888
592C,元富-潮州,1995-11-04,"屏東縣潮州鎮新生路8號1,2樓(營業廳設於1樓) 86.08.04.遷移",08-7884930
592c,元富-烏日,2005-01-03,台中縣烏日鄉三民街179號4樓,04-23362288
592D,元富-大昌,1995-11-04,高雄市三民區九如一路502號地下一層,07-3851168
592E,元富-城中,1997-01-27,台北市承德路一段十七號地下一樓,02-25563636
592f,元富-國際證券,2014-05-20,臺北市敦化南路二段99號19樓,02-23255818
592g,元富-中原,2003-12-12,台中市潭子區中山路2段281號3樓,04-25326677
592G,元富-新竹,1997-10-30,新竹市信義街68號7樓之1、7樓之2,03-5258282
592H,元富-信義,1997-12-16,台北市信義路2段101號2樓,02-23587778
592i,元富-中港,2003-12-03,台中市清水區中山路196號5樓,04-26222299
592I,元富-嘉義,1997-11-03,嘉義市垂楊路316號3樓之1、2；4樓之1、2,05-2257789
592L,元富-中壢,1999-01-08,桃園縣中壢市元化路226號3樓,03-4263888
592l,元富-大裕,2005-01-03,台中市台中路504號,04-22862688
592M,元富-彰化,1999-01-08,彰化市彰美路1段186號6F,04-7283456
592m,元富-成功,2000-07-24,台南市成功路四五七號三樓、四樓,06-2232323
592N,元富-虎尾,2000-01-17,雲林縣虎尾鎮中正路15號三.四樓,05-6360389
592n,元富-西松,2000-07-24,台北市南京東路5段108號3樓,02-27562288
592o,元富-新興,2009-10-05,高雄市新興區七賢一路251號2樓,07-238-5678
592P,元富-同大,1998-07-13,高雄市岡山區岡山路339號3、4樓,07-6225788
592q,元富-屏東,2009-10-05,屏東市中正路一二三號二樓,08-7339522
592Q,元富-敦南,2000-06-27,台北市忠孝東路4段212號3樓、3樓之1,02-87723988
592r,元富-城東,2009-10-05,台北市中山區南京東路2段167號4樓、4樓之1,02-2509-9928
592S,元富-基隆,1999-06-21,基隆市愛四路60號4樓,02-24288899
592u,元富-世貿,2009-10-05,台北市信義區信義路五段8號2樓,02-8780-1800
592U,元富-宜蘭,1999-05-24,宜蘭縣宜蘭市舊城北路23號,03-9369688
592v,元富-桃園,2004-07-01,桃園縣桃園市成功路2段1號2樓,03-3366000
592w,元富-佳里,2000-07-24,台南市佳里區和平街83號4樓、5樓,06-7232323
592W,元富-吉利,2000-07-24,台北市承德路7段348號1樓、地下1樓,02-28229090
592X,元富-草屯,2000-03-06,南投縣草屯鎮和興街92號92之1號1、2樓、94號3樓之1、之2、之3、之4,049-2355888
592Y,元富-埔里,2000-03-06,南投縣埔里鎮南昌街231號2樓,049-2900999
592y,元富-花蓮,2002-09-16,花蓮市民國路167號,038-360988
592Z,元富-安南,2000-07-24,台南市安中路二段三００號八樓,06-2453088
592z,元富-文心,2009-10-05,台中市西屯區文心路2段645號2樓,04-2252-1010
5960,日茂,1989-07-03,南投縣草屯鎮草溪路1020號2、3樓,049-2353266
5961,日茂-埔里,1991-11-16,南投縣埔里鎮西安路一段299號B1.1F.2F.,049-2902266
5962,日茂-南投,1995-12-30,南投縣南投市三和二路11號4、5樓,049-2234188
6010,犇亞證券,1989-07-25,台北市復興北路99號3樓、6樓及6樓之1,02-27180101
6012,犇亞-網路,2007-04-19,台北市松山區復興北路99號4樓之3,02-27188788
601d,犇亞-鑫豐,2019-01-02,台北市松山區復興北路99號4樓之5,2553-8000
6110,台中銀,2013-05-02,台中市民族路45號1、2樓,04-22268588
6114,台中銀-員林,2013-05-02,彰化縣員林鎮中正路462號3樓,04-8329000
6115,台中銀-台北,2013-05-02,台北市中正區忠孝東路一段85號6樓(部分),02-27736955
6116,台中銀-高雄,2013-05-02,高雄市左營區曾子路386號4樓部份,07-3486898
611A,台中銀-豐原,2014-07-21,台中市豐原區中正路220號3-5樓,04-25274150
6160,中國信託,1989-08-19,臺北市南港區經貿二路168號3樓及臺北市南港區經貿二路188號14樓(部分),02-66392000
6161,中國信託-三重,1995-12-01,新北市三重區重陽路一段66號2樓,02-89822558
6162,中國信託-忠孝,1997-07-02,台北市中正區忠孝西路一段6號4樓,02-23141122
6163,中國信託-永康,1999-01-15,台南市永康區中華路425號2樓部分,06-2338233
6164,中國信託-文心,2002-07-01,台中市北屯區文心路四段八七五號三樓部分,04-22468800
6165,中國信託-新竹,2003-06-16,新竹市慈雲路118號10樓之1,03-5153100
6167,中國信託-松江,2012-10-05,台北市中山區松江路220號3樓之1,02-2581-5688
6168,中國信託-嘉義,2013-04-19,嘉義市西區中山路386號6樓,05-2286699
616A,中國信託-中壢,2015-05-08,桃園市中壢區中山路118號3樓、4樓、4樓之1、4樓之2,03-4229666
616K,中國信託-高雄,1997-05-31,高雄市前金區中正四路168號6樓之1,07-2151166
616X,中國信託-國際證券,2015-03-17,台北市南港區經貿二路168號3樓,02-87891075
6210,新百王,1989-08-21,高雄市前金區中華三路11號5樓及地下一樓,07-2118888
6380,光和,1989-09-22,彰化縣北斗鎮光復路166號3、4樓,04-8886500
6381,光和-溪湖,1991-04-10,彰化縣溪湖鎮文東街9號1樓,04-8855466
6382,光和-田中,1994-11-08,彰化縣田中鎮南北街80號3樓,04-8746588
6383,光和-和美,1997-08-08,彰化縣和美鎮彰美路五段二五六號三樓,04-7567789
6385,光和-花壇,1998-09-30,彰化縣花壇鄉花壇村花壇街273號5樓,04-7878288
638A,光和-嘉義,2018-10-01,嘉義縣朴子市山通路37號3.4樓,05-3700988
638D,光和-高雄,2020-02-03,高雄市苓雅區三多二路93號3樓,07-7253922
6450,永全,1989-09-30,桃園市桃園區縣府路82號2至7樓,03-3352155
6451,永全-南崁,1995-06-28,桃園市蘆竹區光明路一段100號3、4樓,03-3529529
6452,永全-八德,1998-08-19,桃園市八德區介壽路一段655號3樓,03-3771155
6460,大昌,1989-09-30,新北市板橋區東門街30之2號2樓之1至85及9樓之1、2,02-29689685
6461,大昌-樹林,1996-12-26,新北市樹林區復興路11號、13號及15號1、2樓,02-26756088
6462,大昌-安康,1997-12-08,新北市新店區安和路一段25之5號及25之6號,02-86669988
6463,大昌-新竹,1999-04-20,新竹市大同路130號3樓及新竹市中山路3號2至4樓,03-5222868
6464,大昌-新店,1994-08-01,新北市新店區北新路2段108號3樓,02-29179111
6465,大昌-桃園,2001-07-27,桃園市桃園區經國路128號2樓,03-3263689
6480,福邦,1989-10-07,台北市中正區忠孝西路一段6號5樓部分,02-23836888
6489,福邦-新竹,2018-06-21,新竹縣竹北市光明五街210號4樓,(03)657-2758
6620,口袋,1989-10-17,新北市板橋區三民路一段216號9樓,02-29526620
6910,德信,1989-11-14,台北市新生南路一段五十號三樓(部分),02-23939988
6912,德信-中正,1994-12-07,臺中市臺灣大道一段728號6樓,04-22026200
6913,德信-新營,1997-07-18,台南市新營區新進路2段109號3樓,06-6337258
6915,德信-和平,2000-06-09,臺北市大安區信義路四段303號6樓,02-27066168
6950,福勝,1989-11-17,新北市淡水區中正路六十三號三、四、五樓,02-26251818
7000,兆豐,1989-11-16,台北市忠孝東路2段95號3樓、4樓、6樓、7樓、8樓及11至13樓,02-23278988
7001,兆豐-嘉義,1994-11-22,嘉義市文化路259號3樓及4樓部分,05-2230230
7003,兆豐-台中,1998-05-25,台中市五權西路一段257號7樓部份,04-23780568
7005,兆豐-台中港,1999-01-12,台中縣沙鹿鎮沙田路107號2樓,04-26651100
7006,兆豐-台南,1998-12-29,台南市忠義路2段14號4、5樓,06-2230398
7007,兆豐-竹北,1999-07-31,新竹縣竹北市三民路18、20、22、24號1樓及18、24號2樓,03-5543223
7008,兆豐-三重,2000-01-07,新北市三重區正義北路195號3樓,02-29817799
7009,兆豐-景美,2000-03-17,台北市文山區景中街1號3樓,02-29307799
700a,兆豐-忠孝,2003-01-31,台北市忠孝東路4段563號3樓、565號4樓,02-27479966
700b,兆豐-中壢,2004-11-03,桃園市中壢區中山路142號8樓、146號8樓,03-2807759
700B,兆豐-板橋,2000-03-30,台北縣板橋市文化路1段268號2樓之1,02-22538699
700C,兆豐-來福,1999-01-25,雲林縣斗六市民生路156號8樓,05-5338989
700c,兆豐-民生,2004-05-12,台北市民生東路3段128號3樓之2,02-27169966
700d,兆豐-彰化,2004-06-30,彰化縣彰化市和平路57號6樓,04-7289966
700D,兆豐-西螺,1999-01-25,雲林縣西螺鎮中山路127號3樓,05-5867999
700F,兆豐-虎尾,1999-01-25,雲林縣虎尾鎮公安路133號4樓,05-6313388
700f,兆豐-鹿港,2003-01-31,彰化縣鹿港鎮彰鹿路8段59號,04-7772900
700g,兆豐-南門,2004-03-09,台北市羅斯福路2段9號2樓(部分),02-23959966
700G,兆豐-麻豆,2000-06-23,台南縣麻豆鎮興中路127號3樓,06-5728388
700h,兆豐-三民,2003-01-30,高雄市鼓山區文信路327號1樓,07-3958858
700H,兆豐-東門,2000-07-07,台北市金山南路2段33號2樓,02-23435488
700I,兆豐-北高雄,2000-09-22,高雄市中正四路235號2樓之1,07-2612345
700i,兆豐-松德,2003-01-31,台北市信義區忠孝東路5段510號3樓、3樓之1、3樓之2、3樓之12及3樓之13,02-27275168
700J,兆豐-公益,2000-10-17,台中市中區民權路216號6樓之1,04-22238866
700j,兆豐-大安,2003-07-04,台北市信義路3段182號3樓、4樓,02-27003236
700k,兆豐-員林,2003-01-30,彰化縣員林鎮中山路1段753號3樓,04-8373898
700K,兆豐-新營,1998-03-17,台南市新營區中營里中山路116號,06-6357111
700L,兆豐-天母,2000-10-09,台北市中山北路6段126號3樓部分,02-28376006
700m,兆豐-國際證券,2014-07-25,臺北市忠孝東路二段95號3樓,02-23278988
700M,兆豐-桃園,2000-11-18,桃園縣桃園市成功路2段2號2樓,033475188
700N,兆豐-埔墘,2001-02-23,新北市板橋區三民路1段216號2樓,02-89538888
700P,兆豐-南京,2003-01-30,台北市南京東路3段65號3樓,02-25169888
700p,兆豐-復興,2003-01-30,台北市復興北路99號8樓之1,02-25148588
700q,兆豐-內湖,2006-10-26,台北市內湖區成功路4段166號5樓,02-27946088
700r,兆豐-寶成,2007-08-10,台中市西屯區臺灣大道4段600號3樓,(04)24651001
700R,兆豐-小港,2003-01-30,高雄市小港區漢民路381號2樓,07-8063000
700S,兆豐-大同,2003-01-31,台北市民生西路286號3樓,02-25506078
700s,兆豐-岡山,2002-07-01,高雄縣岡山鎮中山北路28號3樓(部分),07-6235988
700U,兆豐-桃鶯,2003-01-30,桃園市桃園區桃鶯路343號3、4樓,03-3776899
700V,兆豐-新竹,2003-01-31,新竹市中正路129號3樓,03-5256199
700W,兆豐-城中,2003-03-29,台北市重慶南路1段2號2樓〈部分〉,02-23315199
700w,兆豐-新莊,2004-02-12,新北市新莊區思源路427號2樓,02-89913777
700X,兆豐-永和,2004-05-17,新北市永和區永和路2段121號3樓,02-2927-3799
700Z,兆豐-高雄,2003-01-30,高雄市新光路36號1樓,07-3315200
7030,致和,1989-11-27,台南市西門路3段10號地下1樓、1、2、3、4、5、6、7樓,06-2219777
7031,致和-台北,1995-05-06,台北市信義路4段96號2樓,02-27006666
7032,致和-佳里,1996-06-24,台南市佳里區延平路351號3樓,06-7226666
7033,致和-府前,1996-12-07,台南市府前路1段141號2、3樓,06-2135888
7034,致和-金華,1997-03-01,台南市金華路二段一七二號地下一樓,06-2619777
7035,致和-東門,1997-07-15,台北市信義路二段二一三號二樓,02-23516600
7036,致和-高雄,1997-10-02,高雄市光華一路148之83號1、2樓,07-2259255
7038,致和-南京,1998-09-09,台北市南京東路五段一八八號四樓,02-27485558
703B,致和-崇德,2007-11-12,台南市東區中華東路3段242號2、3樓,06-2899000
7080,石橋,1989-11-30,桃園市平鎮區環南路184號1樓、2樓之1、2樓之2及186巷2號1樓,03-4927373
7750,北城,1990-03-31,新北市永和區永和路2段116號3樓部分,02-29283456
7790,國票,1990-04-10,台北市重慶北路3段199號地下1樓及6樓部分、台北市中山區樂群三路126號3樓部分,02-85021999
7791,國票-台東,1992-06-01,台東縣台東市更生路560號2樓及3樓,089-321789
7792,國票-北投,1994-02-16,台北市北投區北投路2段13號2樓,02-28969268
7795,國票-南港,1997-10-06,台北市南港區興中路12巷25號地下1樓,02-26535757
7797,國票-中正,1997-10-16,高雄市前金區中正四路213號1樓,07-2166166
7798,國票-內壢,1998-02-07,桃園市中壢區興農路125號3樓,03-4618688
779b,國票-國際證券,2014-09-15,台北市中山區樂群三路126號4樓及132號4樓,(02)25288988
779c,國票-敦北法人,2002-10-21,臺北市松山區南京東路三段346號2樓,02-27760606
779D,國票-台南,1997-08-16,臺南市成功路114號5樓,06-2203979
779E,國票-南崁,1998-05-26,桃園市蘆竹區中正路二九五號三樓之一及三樓之二,03-3115688
779e,國票-南科,2002-10-21,台南市新市區復興路1-1號2樓,06-5890128
779G,國票-新莊,1998-10-14,新北市新莊區中華路1段16號地下1層,02-29923888
779H,國票-嘉義,1998-09-02,嘉義市垂楊路508號3、4樓,05-2162888
779J,國票-北高雄,1998-10-08,高雄市左營區立文路77號2樓,07-5581777
779j,國票-和平,2002-10-21,高雄市苓雅區和平一路87號1樓,07-7711111
779m,國票-中港,2002-10-21,臺中市西區臺灣大道二段16號5樓,04-22069988
779n,國票-南京,2009-04-06,台北市松山區南京東路五段188號15樓部分,(02)25287799
779P,國票-九鼎,1998-12-30,台中市北屯路二四五號一樓、二四五之一號一、二樓,04-22321688
779r,國票-桃園,2009-04-06,桃園市桃園區中正路133號5樓,(03)338-1123
779u,國票-長城,2009-04-06,台北市大安區仁愛路四段376號 4 樓,(02)27008999
779v,國票-台中,2009-04-06,臺中市西屯區市政北一路1號7樓,(04)22553232
779V,國票-天祥,2002-10-21,高雄市三民區天祥一路148號,07-3477111
779W,國票-彰化,2002-10-21,彰化縣彰化市金馬路三段六五六號一樓,04-7638888
779X,國票-中和,2002-04-15,新北市中和區信義街43號3樓,02-29467777
779z,國票-博愛,2009-04-06,臺北市博愛路 38 號 2 樓,(02)23899988
779Z,國票-安和,2002-04-15,台北市大安區信義路四段382號3樓及4樓,02-27557999
8150,台新,1990-06-04,台北市中山北路二段44號2樓部分、8樓部分,02-2181-5888
8151,台新-建北,2017-08-28,台北市中山區建國北路2段17號3樓,02-25160222
8152,台新-新莊,2017-08-28,新北市新莊區頭前路172號1樓~3樓,02-22062828
8156,台新-三民,2017-08-28,高雄市三民區九如一路502號6樓B2室,07-3871166
8157,台新-左楠,2017-08-28,高雄市楠梓區軍校路800號3F,07-3643767
8158,台新-松江,2017-08-28,台北市中山區松江路122號3樓,02-25371188
8159,台新-台南,2017-08-28,台南市西門路2段389號3樓,06-2218988
815A,台新-高雄,2010-05-10,高雄市中山二路260號三樓之一,(07)537-5589
815B,台新-台中,2010-11-29,台中市東興路二段187號3樓,(04)24755000
815H,台新-屏東,2017-08-28,屏東縣屏東市廣東路107號2~4樓,08-722-3377
815S,台新-中壢,2017-08-28,桃園市中壢區延平路368號3樓,03-2805759
815Y,台新-新營,2017-08-28,台南市新營區中山路115號4樓之1,06-6356100
815Z,台新-國際證券,2018-11-19,台北市建國北路1段96號12樓部分,02-23268898
8380,安泰,1990-10-22,"高雄市鳳山區五福二路36號1,2樓",07-8122789
8381,安泰-大發,1997-07-26,高雄市大寮區力行路105號,07-7819121
8382,安泰-楠梓,1997-08-01,高雄市楠梓區興楠路285號1樓,07-3528866
8440,摩根大通,1990-11-24,台北市信義路5段106號3樓部分,02-87862288
8450,康和,1990-12-04,台北市信義區基隆路1段176號地下1樓部分、2樓,02-87871888
8451,康和-延平,1995-08-29,台北市南京西路406號5樓,02-25567222
8455,康和-台中,1992-10-16,台中市北區中清路一段100號8樓之1,04-22015988
8456,康和-新竹,1997-05-17,新竹市四維路130號2樓之1,03-5255678
8458,康和-台南,1996-04-09,臺南市永福路2段154號4樓(部分),06-2203371
8459,康和-嘉義,1994-05-02,嘉義市興業西路123號2樓,05-2851100
845A,康和-內湖,1997-07-02,台北市內湖區成功路3段174巷8號2樓,02-27925858
845B,康和-永和,1997-07-31,新北市永和區得和路104巷24號2樓、中正路312號2樓、314號2樓、316號2樓,2-86685858
845D,康和-板橋,1998-07-20,新北市板橋區三民路1段210號3樓,02-89611788
845E,康和-澎湖,2000-12-02,澎湖縣馬公市大仁街9號2樓,06-9268858
845F,康和-仁愛,2000-10-27,台北市仁愛路4段85號5樓,02-27511212
845J,康和-高雄,1994-11-01,高雄市新興區中正三路55號17樓之1、2,07-2276688
845R,康和-石牌,2001-10-02,台北市北投區裕民六路121號1、2樓,02-28253188
845S,康和-南崁,2001-10-02,桃園市蘆竹區中正路90號3樓,03-3119388
845U,康和-台北,2001-07-02,台北市松山區復興北路143號3樓,02-27190123
845X,康和-屏東,2012-05-11,屏東市中正路123號5樓部分,08-7349999
845Y,康和-國際證券,2014-06-12,台北市基隆路一段176號B1,02-87871888
8490,京城,1990-12-15,臺北市松山區南京東路三段289號3樓,02-25631168
8492,京城-嘉義,2022-08-01,嘉義市西區新榮路193號2樓,05-228-991
8520,中農,1991-07-27,台中市梧棲區四維中路157巷1號2樓,04-26572801
8560,新光,1994-01-05,台北市重慶南路1段66之1號5樓,02-23118181
8561,新光-台中,2008-07-14,台中市西區民權路318號,04-23029828
8562,新光-高雄,2009-07-08,高雄市前金區中正四路151號及151號2樓部分,07-2692188
8563,新光-新竹,2009-12-03,新竹縣竹北市光明六路東1段238號、自強六街2號2樓之1,03-6673228
8564,新光-台南,2011-09-14,台南市東區東門路2段262號,06-2901288
8565,新光-桃園,2015-02-11,桃園市桃園區民生路105號1.2樓,03-3315888
8580,聯邦商銀,1994-07-27,台北市南京東路2段137號2樓,02-25040066
8581,聯邦-高雄,1996-05-09,高雄市苓雅區光華一路208號之1、208號2樓,07-2262118
8582,聯邦-嘉義,1998-07-06,嘉義縣嘉義市中山路二八五之一號五樓1、五樓2,05-2232121
8583,聯邦-忠孝,1998-07-21,台北市大安區忠孝東路四段205巷7弄8號,02-27710999
8584,聯邦-雙和,1998-08-06,新北市永和區中正路222號2樓,02-29483668
8585,聯邦-三重,1999-03-23,新北市三重區重新路3段10號4樓,02-29792299
8586,聯邦-大業,2016-01-06,桃園市桃園區大業路1段388號3樓,03-3579739
8587,聯邦-興中,2016-01-15,臺中市南區復興路1段406號3樓,04-22613636
8588,聯邦-富強,2016-06-07,臺南市東門路3段15號1樓,06-2603298
8710,陽信,1998-06-09,台北市民生東路5段165號地下之2,02-27629288
8711,陽信-石牌,2001-06-08,台北市北投區石牌路1段88號1樓,02-28288585
8713,陽信-高雄,2022-07-12,高雄市三民區大順二路41號2樓,07-3929756
8840,玉山,2000-11-20,臺北市松山區民生東路3段156號2樓、156號2樓之1,02-55561313
8841,玉山-雙和,2002-08-08,新北市永和區保生路1號16樓之1,02-8923-1313
8842,玉山-新莊,2002-11-28,新北市新莊區思源路332巷1號3樓,02-29981313
8843,玉山-高雄,2002-12-30,高雄市苓雅區四維四路22-2號6樓,07-397-1313
8846,玉山-板橋,2003-09-23,新北市板橋區中山路1段67號8樓,02-29519913
8847,玉山-台南,2005-02-21,臺南市東區崇學路108號3樓,06-2699913
8848,玉山-嘉義,2003-06-30,嘉義市中山路497號2、3樓,05-2169913
8849,玉山-景美,2003-06-30,臺北市文山區景中街1號2樓,02-83691313
884A,玉山-士林,2006-03-09,臺北市士林區中正路266、266之1、266之2號,02-2833-1313
884B,玉山-台中,2005-08-03,臺中市西屯區市政路386號17樓之6、之7,04-22589913
884C,玉山-南京東路,2008-09-01,台北市松山區南京東路5段89號地下一樓,02-27651313
884D,玉山-左營,2009-08-18,高雄市左營區博愛二路576號地下一樓,07-5586613
884E,玉山-城中,2003-06-30,台北市武昌街1段77號3樓,02-23821313
884F,玉山-桃園,2009-12-23,桃園市桃園區信光路125號3樓.4樓,03-3366813
884H,玉山-新竹,2010-12-24,新竹市光復路一段569號3樓、4樓,03-6669913
884J,玉山-大里,2011-08-29,臺中市大里區國光路二段407號3樓,(04)24079813
884L,玉山-國際證券,2014-12-18,臺北市松山區民生東路3段156號2樓、156號2樓之1,(02)55561313
884M,玉山-數位,2021-04-12,台北市中正區武昌街一段77號4樓,02-23700013
8880,國泰,2004-08-13,臺北市敦化南路2段335號6樓部分、19樓部分、333號19樓部分暨218號7樓部分,02-23269888
8881,國泰-高雄,2006-03-03,高雄市新興區中正三路55號9樓之2、9樓之3,07-2285888
8882,國泰-台中,2007-06-25,台中市西區臺灣大道二段573號11樓部分,04-37013888
8883,國泰-松江,2010-12-17,台北市中山區南京東路2段90號2樓,02-2181-2888
8884,國泰-台南,2012-05-24,臺南市民生路一段62號3樓部分,(06)2259666
8885,國泰-桃園,2012-06-04,桃園市桃園區中正路1125號2樓 (部分),(03)3567866
8886,國泰-新莊,2012-05-30,新北市新莊區中正路387號12樓,(02)22015666
8887,國泰-忠孝,2012-05-28,臺北市大安區忠孝東路四段219號5樓,(02)77117888
8888,國泰-敦南,2017-07-03,台北市敦化南路二段333號5樓部分,02-77111128
8889,國泰-敦南,2017-07-03,台北市敦化南路二段333號5樓部分,02-77111128
888A,國泰-館前,2004-08-13,台北市中正區館前路65號5樓部分,02-23310025
888K,國泰-板橋,2004-08-13,新北市板橋區三民路1段216號4樓部分,02-89643888
888Q,國泰-國際證券,2014-08-08,台北市敦化南路二段335號6樓部分、19樓部分、333號19樓部分暨218號7樓部分,02-77123892
8890,大和國泰,1999-04-26,台北市基隆路1段200號13樓之1、14樓、14樓之1,02-27239698
8900,法銀巴黎,2005-03-15,臺北市信義路5段7號72樓(部分),02-87297000
8960,香港上海匯豐,2006-10-03,臺北市信義區信義路五段7號54樓部分,02-66312899
9100,群益金鼎,1988-06-21,台北市松山區民生東路3段156號14樓之1~之3,02-87898888
9101,群益金鼎-敦南,2011-05-03,臺北市敦化南路2段97號地下之2,02-27052888
9103,群益金鼎-松山,2003-11-10,台北市南京東路4段130號11樓、11樓之1,02-25708889
9105,群益金鼎-高盛,2000-12-26,高雄市前鎮區一心二路252號3樓,07-3309966
9108,群益金鼎-海山,2000-12-26,新北市板橋區東門街30之2號3樓之1,02-29699977
910D,群益金鼎-市府,2005-01-03,台北市信義區忠孝東路五段293號3樓（部分）,(02)27512288
9131,群益金鼎-民權,2011-05-03,臺中市民權路91號4、5樓,04-22208822
9134,群益金鼎-開元,2011-05-03,臺南市開元路280號3樓之1~2、4樓之1~2,06-2348899
9135,群益金鼎-東大,2011-05-03,新竹市東大路1段118號3樓,03-5317777
9136,群益金鼎-西松,2011-05-03,臺北市南京東路5段213號3樓,02-27683388
9137,群益金鼎-士林,2011-05-03,臺北市中正路118-1號地下1樓、1樓,02-28380567
9138,群益金鼎-中港,2011-05-03,臺中市梧棲區大仁路二段369號1、2樓,04-26577599
913D,群益金鼎-潭子,2011-05-03,臺中市潭子區興華一路418號,04-25362345
913E,群益金鼎-基隆,2011-05-03,基隆市仁二路255號8樓,02-24221212
913g,群益金鼎-三重,2011-05-03,新北市三重區正義南路91、93、95、97、99號1樓,02-29734388
913H,群益金鼎-屏東,2011-05-03,屏東縣屏東市永福路9號3樓,08-7339602
913I,群益金鼎-萬華,2011-05-03,臺北市萬華區桂林路31號2樓,02-23751399
913N,群益金鼎-土城,2011-05-03,新北市土城區中央路1段261號1樓,02-22625988
913R,群益金鼎-北高雄,2011-05-03,高雄市鼓山區明華路317號3樓,07-5559933
913U,群益金鼎-崇德,2011-05-03,臺中市崇德路2段416號地下1樓-1,04-22468899
913Y,群益金鼎-館前,2011-05-03,臺北市中正區重慶南路一段77號8樓,02-23615678
9183,群益金鼎-高雄,1991-06-05,高雄市河東路165號1樓(部分)、2樓,07-2150077
9184,群益金鼎-台中,1992-11-14,台中市忠明南路40號1、2樓、42號地下1樓,04-23200088
9185,群益金鼎-台南,1994-07-09,台南市中西區民生路2段76號3樓(部份)及3樓之1,06-2252588
9186,群益金鼎-新竹,1995-07-08,新竹市北大路307號 8樓之1、8樓之2、8樓之3、8樓之4,03-5237777
9187,群益金鼎-彰化,1995-07-06,彰化縣彰化市民生路279號7樓,04-7250888
9188,群益金鼎-三民,1995-07-15,高雄市三民區大昌二路80號1樓(含夾層)、2樓及2樓之2,07-3952588
9189,群益金鼎-桃園,1995-10-05,桃園市桃園區成功路1段32號4樓(部分),03-3377555
918A,群益金鼎-中壢,1995-10-05,桃園市中壢區中山路88號3樓,03-4278699
918B,群益金鼎-板橋,1996-05-13,新北市板橋區三民路1段216號3樓(部分),02-89518089
918C,群益金鼎-古亭,2011-05-03,臺北市中正區南昌路2段85號1、2樓,02-23279288
918c,群益金鼎-鳳山,2002-11-11,高雄市前鎮區永豐路8號1、2樓及10號1、2樓,07-7101288
918d,群益金鼎-內湖,2003-03-17,台北市內湖區成功路4段50號6樓,02-27911999
918D,群益金鼎-東門,1997-03-24,台南市北門路1段97號4樓及10樓之6,06-2290077
918E,群益金鼎-南京,2011-05-03,臺北市南京東路2段71號9樓,02-25427088
918e,群益金鼎-大安,2004-02-16,臺北市大安區忠孝東路4段169號2樓、2樓之1,02-27730899
918F,群益金鼎-新店,1997-08-01,新北巿新店區中正路190號8樓,02-29121818
918g,群益金鼎-大甲,2001-12-31,台中市大甲區蔣公路295號2樓,04-26882828
918G,群益金鼎-新莊,1997-08-02,新北市新莊區中平路379號3樓,02-89918899
918H,群益金鼎-中山,1997-10-18,台北市中山區林森北路372號6樓,02-21002798
918i,群益金鼎-竹南,2000-12-26,苗栗縣竹南鎮民族街87號5樓,037-478345
918J,群益金鼎-永和,1994-03-01,新北市永和區福和路353號2樓,02-29207777
918K,群益金鼎-東湖,1998-07-07,臺北市內湖區成功路5段460號8樓之1,02-26333988
918L,群益金鼎-建成,1998-08-05,台中市東區建成路735號3樓,04-22830099
918M,群益金鼎-嘉義,1997-07-14,嘉義市垂楊路87號1樓、89號2樓之2,05-2258666
918P,群益金鼎-天母,2000-05-15,台北市中山北路7段18號3樓之1、之2,02-28767388
918s,群益金鼎-丹鳳,2004-09-29,新北市新莊區富國路16號1樓、2樓,02-29082388
918u,群益金鼎-瑞豐,2002-11-11,高雄市苓雅區三多一路174號2樓,07-7211828
918W,群益金鼎-忠孝,2011-05-03,台北市忠孝東路4段87號15樓,02-27771077
918X,群益金鼎-台北,2003-05-19,台北市重慶北路1段30號4樓,02-25561133
918x,群益金鼎-延平,2003-09-01,臺北市大同區延平北路2段96號4樓,02-25553888
918z,群益金鼎-宜蘭,2005-01-03,宜蘭縣宜蘭市舊城南路50號5樓,03-9331999
9199,群益金鼎-國際證券,2014-05-26,台北市松山區民生東路3段156號11樓之6部分,02-87898888
9200,凱基,2009-12-21,台北市明水路698號3樓,02-21818888
9202,凱基-中港,2009-12-21,臺中市臺灣大道1段728號8樓,04-22019588
9204,凱基-台中,2009-12-21,台中市民族路50號5樓,04-22278011
9205,凱基-三重,2009-12-21,新北市三重區正義北路206號、208號3、4樓,02-29838833
9206,凱基-高雄,2009-12-21,高雄市中正二路74號5樓、12樓部份、12樓之1,(07)222-3211
9207,凱基-永和,2009-12-21,新北市永和區中正路63、65號6樓,(02)22324567
9208,凱基-桃園,2009-12-21,桃園市桃園區成功路1段32號14樓,(03)3336622
9209,凱基-岡山,2009-12-21,高雄市岡山區公園東路47號,076233600
920A,凱基-板橋,2013-06-24,新北市板橋區四川路1段107號2樓,02-89516688
920C,凱基-雙和,2013-06-24,新北市中和區中和路232號3樓,02-22468666
920D,凱基-市府,2013-06-24,台北市忠孝東路4段563號7樓、7樓之1、565號7樓,02-27456888
920E,凱基-東門,2013-06-24,台南市東區東門路2段160號2樓,06-2750985
920F,凱基-站前,2013-06-24,台北市許昌街17號3樓及3樓之1,02-23831111
920G,凱基-彰化,2013-06-24,彰化市中山路2段353號1、2樓,04-7266565
920H,凱基-基隆,2009-12-21,基隆市仁一路259號3樓、4樓,24202111
920M,凱基-宜蘭,2009-12-21,宜蘭市光復路48號2、3樓,03-9334999
920N,凱基-湖口,2009-12-21,新竹縣湖口鄉成功路247號,03-5907766
920V,凱基-新店,2009-12-21,新北市新店區北新路3段106號1、2樓及106之1號,02-29155855
920W,凱基-大里,2009-12-21,台中市大里區中興路2段127號2、4樓,04-24866988
920Z,凱基-台東,2013-06-24,台東縣台東市中山路248號1、2、3樓,089-353345
9211,凱基-台南,2009-12-21,台南市林森路1段395號3樓,06-2347622
9212,凱基-東港,2009-12-21,屏東縣東港鎮光復路1段186號3樓,(08)833-6565
9215,凱基-高美館,2009-12-21,高雄市鼓山區明誠四路156號3樓及3樓之1,(07)5544888
9216,凱基-信義,2009-12-21,台北市復興北路167號14樓之1、之2、之3,02-27195528
9217,凱基-松山,2009-12-21,台北市八德路4段678號3樓,02-27534567
9218,凱基-大直,2009-12-21,台北市明水路646號1樓、648號1樓、636號2樓之7及636號2樓之8。,(02)85098288
921C,凱基-民權,2013-06-24,台北市復興北路420號4樓,02-25043388
921E,凱基-三峽,2013-06-24,新北市三峽區文化路59號3樓之1,02-6729988
921F,凱基-天母,2013-06-24,台北市中山北路7段18號4樓之3,02-28728787
921G,凱基-五股,2013-06-24,新北市五股區中興路4段40號1樓、2樓,02-82950066
921J,凱基-土城,2013-06-24,新北市土城區金城路3段182號,02-82626998
921M,凱基-八德,2013-06-24,桃園市八德區介壽路2段137號3樓,03-3779688
921S,凱基-幸福,2013-06-24,新北市新莊區思源路555號2樓之2,02-89919999
921Y,凱基-東勢,2009-12-21,台中市東勢區豐勢路297號4樓,04-25877111
9223,凱基-豐中,2009-12-21,台中市豐原區三豐路1段43號7樓,04-25274180
9225,凱基-內埔,2009-12-21,屏東縣內埔鄉平昌街5號1樓,08-7690888
9226,凱基-汐止,2009-12-21,新北市汐止區新興路3號7樓,02-26485959
9227,凱基-城中,2009-12-21,台北市博愛路35號2樓、4樓、6樓,2361-6789
9229,凱基-中山,2009-12-21,台北市中山區中山北路2段68號7樓、8樓,02-77026678
922C,凱基-屏東,2009-12-21,屏東縣屏東市自由路188號3樓,08-7657000
9231,凱基-員林,2009-12-21,彰化縣員林鎮中山路2段100號6樓,04-8399988
9233,凱基-長庚,2009-12-21,桃園市龜山區復興一路227號地下1樓,03-3275000
9234,凱基-竹北,2009-12-21,新竹縣竹北市仁義路193號2、3樓,03-5552233
9235,凱基-永華,2009-12-21,台南市永華路1段32號3樓,06-2205570
9236,凱基-虎尾,2009-12-21,雲林縣虎尾鎮公安路160號2、3、4樓,(05)633-3581
9237,凱基-敦北,2009-12-21,台北市松山區敦化北路88號8樓之2,02-27401166
9238,凱基-士林,2009-12-21,台北市士林區文林路342號5樓,02-28823355
9239,凱基-市政,2009-12-21,臺中市西屯區市政路402號4樓之2、之3,04-2258-9669
9252,凱基-嘉義,2009-12-21,嘉義市垂楊路620號4樓,05-2276879
9254,凱基-科園,2009-12-21,新竹市光復路1段273號1樓,03-6686599
9255,凱基-和平,2009-12-21,台北市羅斯福路2段102號3樓、3樓之1,02-23697707
9256,凱基-南崁,2009-12-21,桃園市蘆竹區中正路308號1樓、2樓,03-3129933
9257,凱基-林口,2009-12-21,新北市林口區文化二路1段569號,02-26025678
9258,凱基-羅東,2009-12-21,宜蘭縣羅東鎮中正北路48號1樓,03-9534888
9266,凱基-新豐,2009-12-21,新竹縣新豐鄉中興路206號,03-5575566
9268,凱基-台北,2009-12-21,台北市南京東路2段137號4樓及10樓,02-25166789
9272,凱基-竹科,2009-12-21,新竹市中正路158號3樓,03-5221177
9273,凱基-竹東,2009-12-21,新竹縣竹東鎮朝陽路9號2樓,03-5958588
9274,凱基-鳳山,2009-12-21,高雄市鳳山區維新路128號1、2樓,07-7198899
9275,凱基-三多,2009-12-21,高雄市苓雅區中華四路47號3樓,07-3383288
9276,凱基-苗栗,2009-12-21,苗栗市中正路458號2樓,037-321300
9278,凱基-永康,2009-12-21,台南市永康區中山南路1042號1、2樓,06-2038899
9281,凱基-斗六,2009-12-21,雲林縣斗六市永安路46號3樓,05-5376688
9283,凱基-北門,2009-12-21,台南市北門路1段101號4樓,06-2228777
9285,凱基-中壢,2009-12-21,桃園市中壢區環北路421號、423號1、2樓,03-4336989
9287,凱基-內湖,2009-12-21,台北市內湖路1段360巷15號8樓,02-27938388
9288,凱基-埔墘,2009-12-21,新北市板橋區三民路1段216號5樓,02-89517777
9289,凱基-興隆,2009-12-21,台北市興隆路3段69號2樓,02-29315000
9291,凱基-大安,2009-12-21,台北市安和路2段82號2樓,02-27080606
9296,凱基-頭份,2009-12-21,苗栗縣頭份鎮中華路916號4樓,037-591888
9297,凱基-文心,2009-12-21,台中市北屯區文心路4段875號2樓,04-22466168
9299,凱基-國際證券,2014-04-16,台北市明水路698號3樓,02-21818888
9300,華南永昌,1988-08-23,台北市民生東路4段54號4樓之8、5樓之3至5樓之7,02-25456888
9302,華南永昌-台中,1995-06-10,台中市南屯區五權西路二段131號1樓,04-24719488
9303,華南永昌-高雄,1996-02-14,高雄市五福三路80、82號3樓,07-2728688
9305,華南永昌-新莊,1996-09-25,新北市新莊區中港路306號4樓及308號4樓,02-22795688
9306,華南永昌-台南,1996-11-05,台南市府前路2段612號1、2樓,06-2959988
9307,華南永昌-大安,1992-12-22,台北市復興南路1段368號4樓,02-27549696
9308,華南永昌-麻豆,1996-10-21,台南市麻豆區中山路36號4、5樓,06-5720168
9309,華南永昌-古亭,1996-11-29,台北市羅斯福路2段91號2樓(部份),02-23699588
9312,華南永昌-民權,1997-11-08,高雄市民權二路385號地下1樓及6樓,07-3333133
9314,華南永昌-嘉義,1996-12-24,嘉義市蘭井街469號3樓,05-2226848
9315,華南永昌-大甲,2006-09-01,台中市大甲區順天路159號2樓,04-26880737
9316,華南永昌-淡水,1997-04-10,新北市淡水區中正路28號4樓,02-26255566
9317,華南永昌-林口,1997-07-08,新北市林口區林口路46號3樓,02-26018288
9319,華南永昌-鶯歌,1997-08-01,新北市鶯歌區國慶街101號3、4樓,02-26776000
9322,華南永昌-公誠,2002-01-28,基隆市仁愛區愛三路87號11樓,02-24201201
9323,華南永昌-小港,1997-07-24,高雄市小港區漢民路339號2樓,07-8068988
9324,華南永昌-岡山,2000-02-09,高雄市岡山區民族路88號1樓、地下室一樓,07-6255911
9325,華南永昌-忠孝,2002-01-28,台北市忠孝東路2段130號3樓之1,02-23587488
9326,華南永昌-南京,1992-09-21,台北市松山區南京東路3段248號6樓,02-27755688
9327,華南永昌-斗六,1997-11-27,雲林縣斗六市太平路7號4樓,05-5330777
9328,華南永昌-潮州,1997-09-12,屏東縣潮州鎮新生路71號4樓,08-7805888
9329,華南永昌-朴子,1997-11-21,嘉義縣朴子市文化北路2號2樓,05-3707688
9331,華南永昌-鳳山,2001-03-26,高雄市鳳山區中山路138號4樓,07-7477600
9332,華南永昌-楠梓,2001-03-26,高雄市楠梓區楠梓路201號地下一樓,07-3542030
9333,華南永昌-長虹,2001-02-19,宜蘭縣羅東鎮公正路155號2 樓,03-9574101
9334,華南永昌-世貿,2001-02-19,臺北市信義區基隆路2段91號2樓及3樓,02-27396266
9337,華南永昌-內壢,2001-05-14,桃園市中壢區環中東路262號2樓,03-4519888
9339,華南永昌-竹北,2004-01-02,新竹縣竹北市勝利一路89號,03-6580066
9343,華南永昌-頭份,2001-03-05,苗栗縣頭份市中華路916號3樓之2,037-667999
9347,華南永昌-敦南,2002-01-28,台北市忠孝東路4段107號8樓之2,02-27415858
9349,華南永昌-板橋,2001-05-14,新北市板橋區忠孝路102號2樓,02-29561688
9352,華南永昌-桃園,1997-04-10,桃園市桃園區南華街79號4樓,03-3478168
9358,華南永昌-東勢,2006-02-07,台中市東勢區三民街280號,04-25881811
9359,華南永昌-中正,2002-07-22,台北市重慶南路一段38號4樓,02-23821788
9362,華南永昌-苗栗,2006-03-17,苗栗縣苗栗市中正路686號2樓及3樓部分,037-376118
9363,華南永昌-彰化,2003-06-23,彰化縣彰化市陳稜路156號5樓,04-7223700
9366,華南永昌-豐原,2023-01-03,台中市豐原區信義街95號5樓,04-25281000
9369,華南永昌-三重,2004-12-13,新北市三重區仁愛街731號地下一樓,02-28576789
9377,華南永昌-虎尾,2015-11-02,雲林縣虎尾鎮林森路1段490號4樓,(05)6334888
9386,華南永昌-東昇,2001-06-26,台東市中華路1段347號2樓,089-332339
9399,華南永昌-國際證券,2014-07-10,台北市民生東路4段54號5樓(部分),25456888
9600,富邦,1988-09-16,台北市仁愛路4段169號3樓(部分)、4樓(部分),02-87716888
9604,富邦-陽明,2000-09-09,台北市北投區裕民六路2號1樓,02-28230688
9608,富邦-台東,2000-09-11,台東市中華路1段366號2樓,089-341022
960S,富邦-國際證券,2014-05-06,臺北市仁愛路四段169號4樓部分,(02)27716699
9614,富邦-基隆,2009-12-03,基隆市信一路133號1樓,2421-3355
9616,富邦-岡山,2001-06-08,高雄市岡山區竹圍里22鄰中山北路178號2、3樓,07-6236123
961C,富邦-南京,2023-04-09,北市南京東路2段111號3樓,02-25048888
961F,富邦-中港,2023-04-09,台中市台灣大道2段573號4樓部分,04-23278989
961H,富邦-新板,2023-04-09,新北市板橋區府中路29號4樓,02-29693333
961K,富邦-七賢,2023-04-09,高雄市七賢二路267號2樓,07-2816888
961M,富邦-木柵,2023-04-09,台北市木柵路3段96號4樓之1,02-22342616
961N,富邦-西壢,2023-04-09,桃園市中壢區復興路46號4樓,03-4273888
961P,富邦-和美,2023-04-09,彰化縣和美鎮彰美路5段300號3樓及4樓部分,04-7565988
961R,富邦-南員林,2023-04-09,彰化縣員林鎮中山路1段753號4、5樓,04-8326118
961X,富邦-大墩,2023-04-09,台中市大墩路709號1、2樓、地下1樓,04-23288898
961Y,富邦-屏東,2023-04-09,屏東市中正路125號3樓之1及3樓之2,08-7663888
961Z,富邦-永康,2023-04-09,台南市永康區大灣路856號部分,06-3113888
9621,富邦-花蓮,2000-09-11,花蓮縣花蓮市林森路256號2樓,038-350111
9623,富邦-台北,2000-09-09,台北市許昌街17號2樓及2樓之1,02-23113333
9624,富邦-竹北,2000-09-11,新竹縣竹北市光明六路263號3、4樓,03-5515588
9625,富邦-竹東,2000-09-11,新竹縣竹東鎮榮樂里14鄰惠昌街45號3、4、5樓,03-5818888
9627,富邦-內湖,2003-07-28,台北市內湖區內湖路1段318號4樓,02─87971188
962A,富邦-信義,2023-04-09,台北市基隆路2段109號2樓,02-27390369
962B,富邦-二林,2023-04-09,彰化縣二林鎮中山路116號4、5樓,04-8951808
962C,富邦-東門,2023-04-09,新竹市東門街60號3及4及6樓,03-5227868
962D,富邦-新莊,2023-04-09,新北市新莊區中正路383號2樓及3樓,02-22019789
962E,富邦-樹林,2023-04-09,新北市樹林區中山路1段100、102號4樓,02-26869968
962G,富邦-斗六,2023-04-09,雲林縣斗六市中山路72號2樓,05-5351010
962J,富邦-三峽,2023-04-09,新北市三峽區文化路59號4樓之1,02-26748988
962K,富邦-中和,2023-04-09,新北市中和區中和路35號4樓,02-22493366
962L,富邦-雙和,2023-04-09,新北市中和區中和路356號3樓及358號3樓之一,02-29206868
962P,富邦-頭份,2023-04-09,苗栗縣頭份鎮中華路926號2、4樓,037-663888
962Q,富邦-北高雄,2023-04-09,高雄市鼓山區華榮路391號1、2樓,07-5501768
962R,富邦-園區,2023-04-09,新竹市建中路37號1樓,(03)5717666
9634,富邦-羅東,2000-09-09,宜蘭縣羅東鎮信義里興東路286號2樓及3樓,03-9571166
9636,富邦-中壢,2000-09-11,桃園市中壢區慈惠3街162號1樓、環北路398號2樓之6及之8,03-4256767
963A,富邦-八德,2023-04-09,桃園市八德區金和路10號一樓、地下一樓及金和路2號地下一樓(部分),03-3622888
963L,富邦-豐原,2023-04-09,台中市豐原區三民路95號4、5樓,04-25229688
9647,富邦-新竹,2000-09-11,新竹市北區中山路8號1~4樓及5樓部分,03-5228678
9654,富邦-永和,1995-04-21,新北市永和區保生路1號地下1樓部分,02-22323266
9655,富邦-板橋,1995-11-20,新北市板橋區文化路1段266號1樓之1,02-22546996
9657,富邦-苗栗,1996-12-18,苗栗縣苗栗市中正路399號2樓,037-327196
9658,富邦-建國,1997-05-03,台北市建國北路2段196號地下1樓,02-25095198
9659,富邦-高雄,1992-11-02,高雄市新興區民族二路95號地下1樓及23樓（部分）,07-2366901
965K,富邦-台中,1993-07-26,台中市西屯區漢口路2段138號1、2樓及地下1樓,04-23129999
965U,富邦-彰化,1996-06-01,彰化市中山路2段349號2樓,04-7259456
9661,富邦-新店,2000-01-19,新北市新店區北新路2段252號地下1樓之5,02-29178818
9663,富邦-敦南,2006-12-13,台北市敦化南路1段108號地下1樓,02-8771-5888
9665,富邦-桃園,1997-06-25,桃園市桃園區中正路1066號3樓,03-3381668
9666,富邦-南屯,1997-12-20,台中市五權西路2段668號之1部份,04-23801168
9667,富邦-台南,1996-12-26,台南市民生路2段279號2樓之1,06-2265000
966F,富邦-左營,2001-07-20,高雄市左營區博愛二路418之1 號(1樓及2樓),07-5570123
9672,富邦-員林,2000-09-11,彰化縣員林鎮莒光路五九八號,04-8343100
9676,富邦-仁愛,1999-12-18,台北市仁愛路4段376號3樓及10樓,02-27542866
9677,富邦-三重,2000-02-22,新北市三重區正義北路279號地下1層樓,02-89818189
9686,富邦-宜蘭,2000-09-11,宜蘭縣宜蘭市中山路三段152號2樓(部分),03-9369300
9692,富邦-嘉義,2000-09-11,嘉義市林森西路320號,05-2236556
9693,富邦-新營,2000-09-11,台南縣新營市民治路301號3樓及1樓（部份）、2樓（部份）,06-6571000
9697,富邦-虎尾,2000-09-11,雲林縣虎尾鎮德興里1鄰公安路133號2、3樓,05-6336611
969C,富邦-北港,2000-09-11,雲林縣北港鎮西勢里文化路40號2樓(部分),05-7831888
9800,元大,2007-09-26,臺北市中山區南京東路3段219號10樓部分、11樓及臺北市中山區南京東路2段77號7樓,02-27177777
9801,元大-城東,2007-09-26,臺北市中山區南京東路2段79號2樓部分,02-25010655
980a,元大-承德,2007-09-26,台北市大同區承德路3段210號2樓、2樓之2,02-25975888
980C,元大- 斗六,2007-09-26,雲林縣斗六市中山路82號6樓,05-5353456
980D,元大-北府,2007-09-26,臺南市北區西門路3段157號2樓,06-2353366
980d,元大-沙鹿,2007-09-26,台中市沙鹿區沙田路131號5樓,04-26623311
980e,元大-清水,2007-09-26,臺中市清水區中山路170號5樓,04-26238585
980h,元大-台北,2007-09-26,台北市重慶南路1段86號6樓,02-23830968
980K,元大-竹科,2007-09-26,新竹市光復路1段267號3、4樓,03-5679988
980l,元大-虎尾,2007-09-26,雲林縣虎尾鎮和平路1號3樓,05-6313000
980Q,元大-南崁,2010-02-08,桃園市蘆竹區中正路311號3樓,03-3527777
980R,元大-南海,2007-09-26,臺北市中正區南海路1號4樓,02-23975399
980u,元大-府城,2007-09-26,臺南市中西區民生路1段165號3樓、5樓、5樓之1,06-2206678
980w,元大-西屯,2007-09-26,台中市西屯區西屯路2段256巷6號3樓之1,04-27067171
9812,元大-台中,2007-09-26,台中市中區自由路2段8號3樓之1,04-22218777
9813,元大-八德,2007-09-26,台北市八德路3段32號3樓,02-25786666
9814,元大-大益,2007-09-26,臺南市南區健康路2段176號、176號2樓,06-2611151
9815,元大-大灣,2007-09-26,臺南市永康區永大路2段179之3號2樓,06-2717766
9816,元大-新竹,2007-09-26,新竹市民生路276號2樓,03-5456000
9817,元大-東泰,2007-09-26,高雄市三民區九如一路73號2樓,07-3903333
981a,元大-歸仁,2007-09-26,台南市歸仁區中山路2段29號3樓,06-3305888
981A,元大-鶯歌,2007-09-26,新北市鶯歌區國慶街22號,02-26776611
981B,元大-竹北,2007-09-26,新竹縣竹北市光明六路85號3樓,03-5536000
981C,元大-路竹,2007-09-26,高雄市路竹區竹南里國昌路66號,07-6977456
981D,元大-南投,2007-09-26,南投縣南投市中山街202號4樓之2、之3、之5,049-2232111
981e,元大-佳里,2007-09-26,台南市佳里區和平街83號7樓,06-7232888
981E,元大-發財,2007-09-26,新北市新莊區中華路2段5號4樓,02-29971166
981F,元大-福營,2007-09-26,新北市新莊區龍安路284號1樓及278巷3號2樓,02-22010011
981g,元大-大里,2007-09-26,台中市大里區國光路2段259號2樓,04-24066598
981G,元大-彰化,2007-09-26,彰化縣彰化市華山路37號3樓,04-7257001
981h,元大-屏東民生,2007-09-26,屏東縣屏東市民生路287號5樓,08-7323789
981I,元大-天母,2007-09-26,臺北市士林區天母西路26之1號,02-28722345
981i,元大-西螺,2007-09-26,雲林縣西螺鎮延平路190、192號1、2樓,05-5870123
981j,元大-士林,2007-09-26,台北市文林路342號2樓,02-28830202
981K,元大-林園,2007-09-26,高雄市林園區鳳林路1段1號2樓,07-6433001
981L,元大-莒光,2007-09-26,高雄市楠梓區新昌街51號地下室、1、2樓,07-3651356
981m,元大-前金,2007-09-26,高雄市前金區中正四路143號4樓之1、4樓之2、5樓、8樓之1,07-2152888
981M,元大-苗栗,2007-09-26,苗栗縣苗栗市中正路462號4樓之1,037-333611
981n,元大-旗山,2007-09-26,高雄市旗山區中山路102號2樓,07-6625578
981N,元大-金門,2007-09-26,金門縣金城鎮民權路188號,082-372367
981p,元大-松山,2007-09-26,台北市松山區南京東路5段92號2樓,02-27535888
981Q,元大-太平,2007-09-26,臺中市太平區中興東路62號3、4樓,04-22768859
981q,元大-萬華,2007-09-26,台北市萬華區西園路1段200號地下1樓,02-23363588
981r,元大-屏南,2007-09-26,屏東縣屏東市濟南街10號,08-7361777
981R,元大-竹山,2007-09-26,南投縣竹山鎮集山路3段919號2樓、橫街93號3樓,049-2652633
981S,元大-崇德,2007-09-26,臺中市北屯區崇德路2段46之2號、46之3號,04-22333398
981U,元大-華山,2007-09-26,台北市忠孝東路1段85號3樓,02-23223388
981V,元大-民雄,2007-09-26,嘉義縣民雄鄉保生街212號,05-2268899
981X,元大-新生,2007-09-26,台北市中正區新生南路1段148號4樓,02-23959988
981y,元大-善化,2007-09-26,台南市善化區大成路281號,06-5830888
981z,元大-大統,2007-09-26,新竹市林森路196號2樓之3,03-5226166
981Z,元大-潮州,2007-09-26,屏東縣潮州鎮延平路206號,08-7891678
9822,元大-土城學府,2007-09-26,新北市土城區學府路1段25號1樓及地下1樓,02-22635000
9824,元大-向上,2007-09-26,臺中市西區美村路一段272號2樓,04-23028588
9825,元大-新營,2007-09-26,台南市新營區中山路117號2樓,06-6351600
9829,元大-永康,2007-09-26,臺南市永康區小東路511號3樓,06-2215888
982A,元大-羅東,2007-09-26,宜蘭縣羅東鎮中正北路32號,03-9532888
982B,元大-博愛,2007-09-26,高雄市左營區明誠二路359號部分、3樓、4樓部分,07-5571133
982C,元大-六合,2007-09-26,高雄市新興區民族二路97號4樓,07-2364788
982F,元大-忠孝鼎富,2012-11-12,台北市大安區忠孝東路4段300號7樓,02-87739666
9831,元大-四維,2007-09-26,高雄市苓雅區四維四路3號3樓之1、2、3,07-3306666
9833,元大-敦化,2007-09-26,台北市敦化南路2段71號12樓,02-27541566
9834,元大-中壢,2007-09-26,桃園市中壢區中央東路7號3、4樓,03-4227188
9835,元大-員林中山,2007-09-26,彰化縣員林鎮中山南路27號3樓,04-8358131
9837,元大-北港,2007-09-26,雲林縣北港鎮文化路40號4樓,05-7838222
9838,元大-豐原,2007-09-26,臺中市豐原區圓環西路23號地下1樓,04-25252511
983B,元大-林森,2007-09-26,台南市林森路2段90號地下1樓,06-2745088
983f,元大-竹東,2007-09-26,新竹縣竹東鎮大林路121號,03-5952166
983G,元大-上新莊,2007-09-26,新北市新莊區思源路173號2樓,02-89911188
983i,元大-大雅,2007-09-26,台中市大雅區大雅里民興街39號3樓,04-25608888
983j,元大-仁愛,2007-09-26,臺北市大安區復興南路1段237號2樓,02-27067777
983K,元大-學甲,2007-09-26,台南市學甲區華宗路295號,06-7838989
983M,元大-木柵,2007-09-26,台北市木柵路3段96號3樓之2,02-86619168
983N,元大-大安,2007-09-26,台北市和平東路2段347號3樓,02-27541866
983U,元大-頭份,2007-09-26,苗栗縣頭份市和平路79號2樓,037-683168
983V,元大-竹南,2007-09-26,苗栗縣竹南鎮博愛街29號4樓,03-7477890
983W,元大-大里德芳,2007-09-26,臺中市大里區德芳路一段63號2樓,04-24833000
983Z,元大-鳳山,2007-09-26,高雄市鳳山區五甲二路642號2樓,07-8133066
9846,元大-大直,2022-09-01,臺北市中山區樂群三路56號6樓之2,(02)25339955
984C,元大-新店中正,2007-09-26,新北市新店區中正路225之1號2樓、225號3樓,02-29155588
984E,元大-南勢角,2007-09-26,新北市中和區景新街347號6樓之1,02-86689955
984H,元大-景美,2007-09-26,台北市文山區景文街1號2樓之1,02-86638886
984K,元大-館前,2007-09-26,臺北市中正區開封街1段2號3樓,02-23113030
9852,元大-永春,2012-04-02,台北市忠孝東路5段410號3樓、3樓之1、412號3樓之2,02-87805277
9853,元大-南屯,2012-04-02,台中市南屯區向上路1段580號1、2樓,04-23269999
9854,元大-文心興安,2012-04-02,台中市北屯區文心路4段934之1號2樓,04-22339983
9856,元大-花蓮,2012-04-02,花蓮縣花蓮市國聯五路5之5號5樓,03-8357588
9857,元大-蘆洲,2012-04-02,新北市蘆洲區中山一路10號2樓,02-22886699
9858,元大-龍潭,2012-04-02,桃園市龍潭區神龍路39號,03-4808699
9859,元大-新竹經國,2012-04-02,新竹市經國路2段100號3樓,03-5359888
985C,元大-鳳中,2012-04-02,高雄市鳳山區自由路229號3樓,07-7199889
985F,元大-岡山,2023-09-20,高雄市岡山區中山南路517號1、2樓,(07)622-9888
9862,元大-南京,2012-04-02,台北市南京東路3段219號2樓,02-27188888
9863,元大-和平,2012-04-02,台北市和平東路1段214號2樓、214號2樓之1、214號2樓之2、216號2樓、216號2樓之1及216號2樓之2,02-23687733
9867,元大-北成功,2012-04-02,台北市民權東路6段160號2樓之1,02-27928288
9868,元大-文心,2012-04-02,台中市西屯區文心路3段337號3樓,04-22932233
9869,元大-新盛,2012-04-02,新北市新莊區公園一路141號,02-29969966
986K,元大-基隆孝二,2012-04-02,基隆市仁愛區孝二路86之5號,02-24202626
9871,元大-忠孝,2012-04-02,臺北市大安區忠孝東路4段300號3樓,02-27766288
9872,元大-復北,2012-04-02,台北市復興北路420號3樓,02-25095998
9873,元大-西門,2012-04-02,台北市中正區寶慶路69號3樓,02-23893388
9874,元大-雙和,2012-04-02,新北市中和區中和路232號2樓,02-22483388
9875,元大-土城永寧,2012-04-02,新北市土城區員福街8號1樓、8號2樓、10號1樓、10號2樓,02-22709191
9878,元大-金華,2012-04-02,臺南市中西區金華路3段230號2樓之1,06-2207999
9879,元大-板橋三民,2012-04-02,新北市板橋區三民路2段40號2樓,02-29588887
987A,元大-楊梅,2012-04-02,桃園市楊梅區新成路125號2樓,03-4882688
9884,元大-斗信,2012-04-02,雲林縣斗六市文化路29號3樓,05-5362088
9888,元大-鑫永和,2012-04-02,新北市永和區永和路2段2號、8號2樓,02-82311333
9889,元大-員林,2012-04-02,彰化縣員林鎮大同路2段283號2樓,04-8341188
988B,元大-桃園,2012-04-02,桃園市桃園區中正路1223號2樓,03-3268777
988C,元大-三重,2012-04-02,新北市三重區重新路3段111號2樓,02-89857788
988V,元大-長庚,2019-07-29,桃園市龜山區文化二路38-6號2樓及2樓之1,(03)397-8787
9891,元大-永和,2007-09-26,新北市永和區福和路139號3樓,02-29201234
9892,元大-屏東,2007-09-26,屏東縣屏東市廣東路690號2樓之1、3樓,08-7385555
9893,元大-大天母,2007-09-26,台北市中山北路6段126號4樓,02-28312888
9894,元大-桃興,2007-09-26,桃園市桃園區復興路96號2樓,03-3327700
9896,元大-台南,2007-09-26,台南市長榮路1段203號5樓,06-2741866
9897,元大-土城,2007-09-26,新北市土城區中央路1段255號2樓,02-22708369
9898,元大-新莊,2007-09-26,新北市新莊區新泰路246號2樓,02-29977123
9899,元大-淡水,2007-09-26,新北市淡水區中正路67號2、3樓,02-26251966
989A,元大-北投,2007-09-26,台北市北投區北投路2段13號3樓,02-28961212
989a,元大-苑裡,2007-09-26,苗栗縣苑裡鎮客庄里新興路31之8號及31之9號,037869779
989B,元大-台中中港,2007-09-26,臺中市西區臺灣大道2段489號10樓之2,04-23289000
989C,元大-板橋,2007-09-26,新北市板橋區中山路1段10號6樓,02-29638000
989d,元大-北屯,2007-09-26,臺中市北屯區崇德路3段115號2樓,04-22389555
989D,元大-左營,2007-09-26,高雄市左營區左營大路158號3、4樓,07-5878899
989e,元大-中和,2007-09-26,新北市中和區中和路102號5樓,02-22452299
989E,元大-草屯,2007-09-26,南投縣草屯鎮中興路88號2樓,049-2354506
989f,元大-東港,2007-09-26,屏東縣東港鎮中正路227號2樓,08-8338558
989F,元大-高雄,2007-09-26,高雄市三民區民族一路462號2樓,07-3855678
989g,元大-嘉義,2007-09-26,嘉義市西區林森西路173號3樓,05-2237666
989G,元大-大同,2007-09-26,台北市大同區南京西路66號2樓,02-25598585
989I,元大-蘆洲中正,2007-09-26,新北市蘆洲區光華路11號2樓,02-22891199
989J,元大-彰化民生,2007-09-26,彰化縣彰化市中正路1段292號、296號,04-7261988
989j,元大-樹林,2007-09-26,新北市樹林區中山路1段99號3、4樓,02-26759585
989k,元大-古亭,2007-09-26,台北市羅斯福路3段37號2樓,02-23698877
989L,元大-成功,2007-09-26,桃園市成功路1段32號9樓,03-3353399
989m,元大-信義,2007-09-26,台北市忠孝東路5段293號2樓部分,02-87878732
989N,元大-內湖,2007-09-26,台北市內湖區成功路4段166號地下1樓部分及168號3樓,02-27933636
989P,元大-敦南,2007-09-26,台北市敦化南路1段225號2樓、2樓之2,02-27752121
989Q,元大-汐止,2007-09-26,新北市汐止區新台五路1段159號4樓,02-26482277
989S,元大-鹿港,2007-09-26,彰化縣鹿港鎮公園一路88號,04-7751211
989U,元大-大甲,2007-09-26,臺中市大甲區中山路1段833之1號,04-26883399
989V,元大-北三重,2007-09-26,新北市三重區正義北路195號2樓,02-29713311
989W,元大-豐原站前,2007-09-26,臺中市豐原區三豐路1段43號3樓,04-25204888
989X,元大-民生,2007-09-26,台北市松山區民生東路5段165地下之4號,02-87872118
989Y,元大-基隆,2007-09-26,基隆市中正區義一路130號2樓,02-24246688
989z,元大-國際證券,2014-04-18,臺北市中山區南京東路2段77號7樓部分,02-2718-1234
989Z,元大-小港,2007-09-26,高雄市小港區漢民路381號8樓,07-8020068
9A00,永豐金,1988-11-08,台北市重慶南路1段2號7樓、18樓、19樓部分及20樓,02-2311-4345
9A61,永豐金-鳳山,1995-03-25,高雄市鳳山區保泰路310號,07-726-3000
9A69,永豐金-屏東,1998-07-21,屏東縣屏東市中正路125號4樓,08-765-5457
9A79,永豐金-埔里,2016-09-26,南投縣埔里鎮中正路479號,049-298-9988
9A88,永豐金-國際證券,2014-05-14,台北市重慶南路1段2號7樓、18樓及20樓,23114345
9A89,永豐金-敦北,2016-03-28,台北市敦化北路88號9樓之1、10樓之1、10樓之2,02-81615000
9A8F,永豐金-敦南,2002-07-22,台北市安和路2段187號地下1樓,02-2377-8355
9A91,永豐金-松山,1998-01-03,台北市松山路130號2樓,02-2766-3315
9A92,永豐金-萬盛,2000-08-28,台北市松江路129號2樓、2樓之1、2樓之4及3樓,02-2501-1451
9A97,永豐金-新竹,1996-05-01,新竹市中正路129號4樓、5樓,03-526-8198
9A98,永豐金-大園,2000-08-28,桃園市大園區大園村中山北路102號2樓、100巷1號3樓及102號3樓,03-385-3998
9A99,永豐金-中壢,2000-08-28,桃園市中壢區延平路370號3樓、372號3樓,03-422-4800
9A9A,永豐金-羅東,2000-05-09,宜蘭縣羅東鎮公正路87號,03-956-7181
9A9a,永豐金-苓雅,2002-07-22,高雄市前鎮區中山二路260號20樓之1,07-537-5800
9A9B,永豐金-中和,2000-07-26,新北市中和區中和路370號,02-2231-3453
9A9b,永豐金-虎尾,2007-08-10,雲林縣虎尾鎮新生路136號3樓,05-636-5288
9A9C,永豐金-員林,1995-04-08,彰化縣員林市大同路1段338號5樓,04-836-7338
9A9c,永豐金-永康,1998-01-28,台南市永康區中華路423號2樓,06-302-5982
9A9d,永豐金-古亭,2004-03-29,臺北市南昌路1段110號3樓,02-2321-8345
9A9D,永豐金-忠孝,2000-08-28,台北市忠孝東路4段280號2樓,02-2771-6588
9A9e,永豐金-高雄,1993-01-06,高雄市中正一路284號2、3樓,07-723-2800
9A9g,永豐金-內湖,2002-08-27,台北市內湖路1段49號1樓、2樓,02-2657-1998
9A9G,永豐金-天母,2000-11-06,台北市忠誠路1段60號2樓及62號2樓,02-8866-1992
9A9h,永豐金-台南,1995-03-18,台南市西門路1段655號4樓,06-224-9998
9A9H,永豐金-新莊,1998-11-16,新北市新莊區中港路338號,02-8992-2118
9A9i,永豐金-新店,2002-10-09,新北市新店區北新路二段252號2樓、2樓之1、2樓之2、2樓之3及262號3樓之2,02-2911-6395
9A9j,永豐金-嘉義,1997-09-19,嘉義市中山路386號3樓,05-229-1345
9A9J,永豐金-板新,2002-07-22,新北市板橋區文化路二段246號,02-2253-3458
9A9K,永豐金-三重,2000-08-28,新北市三重區中正北路110號,02-2981-0112
9A9L,永豐金-台中,1992-12-16,台中市西區臺灣大道一段728號七樓,04-2202-2940
9A9M,永豐金-南投,1997-11-04,南投縣南投市文昌街45號1、2樓,049-220-1932
9A9N,永豐金-桃盛,2000-08-28,桃園市南平路370號3樓,03-357-5585
9A9P,永豐金-竹北,2000-08-28,新竹縣竹北市縣政九路145號2樓之1、145號2樓之2、147號2樓及145號4樓之1,03-553-8388
9A9q,永豐金-潮州,1993-01-06,屏東縣潮州鎮中正路38之1號,08-789-0122
9A9Q,永豐金-豐原,1995-11-29,台中市豐原區信義街67巷15號2樓,04-2528-2188
9A9R,永豐金-信義,2000-08-28,台北市信義路4段189號2樓、2樓之1,02-2705-6588
9A9r,永豐金-北高雄,1995-04-01,高雄市鼓山區龍德路473號3樓,07-555-0455
9A9S,永豐金-南京,2002-07-22,台北市南京東路3段36號2樓,02-2508-2335
9A9s,永豐金-彰化,1996-05-01,彰化市民族路532號5、6樓,04-722-4976
9A9U,永豐金-中正,2002-07-22,台北市中山區長安東路1段23號3樓之1(部份)、3樓之3及3樓之5,02-2531-3135
9A9W,永豐金-市政,2002-07-22,台中市西屯區市政路402號4樓之5、4樓之6、5.樓之2、5樓之3及17樓之5,04-2254-8935
9A9x,永豐金-桃園,1995-12-01,桃園市南華街77號3樓之1、3樓之2,03-335-2581
9A9X,永豐金-竹科,2002-07-22,新竹市東區光復路2段289號4樓,03-575-2000
9A9Y,永豐金-板盛,2000-08-28,新北市板橋區中山路一段180號2樓及182號2樓,02-2958-6918
9A9Z,永豐金-復興,2000-11-06,台北市敦化北路205號4樓(部分),02-2502-8588
